{"loss": [3.408869743347168], "accuracy": [0.1160714253783226], "val_loss": [3.2778022289276123], "val_accuracy": [0.1158854141831398]}